row_id,id,gender,masterCategory,subCategory,articleType,baseColour,season,year,usage,productDisplayName
0,1001,Men,Apparel,Topwear,Shirts,Black,Fall,2011.0,Casual,Black shirt
1,1002,Women,Apparel,Bottomwear,Jeans,Black,Summer,2012.0,Casual,Black jeans
2,1003,Men,Footwear,Shoes,Sports Shoes,Black,Winter,2013.0,Sports,Black shoes
3,1004,Women,Apparel,Topwear,Tshirts,Black,Spring,2014.0,Casual,Black tee
4,1005,Men,Apparel,Topwear,Shirts,Black,Fall,2015.0,Formal,Black formal shirt
5,1006,Women,Apparel,Bottomwear,Skirts,Black,Summer,2016.0,Casual,Black skirt
6,1007,Men,Accessories,Bags,Backpacks,Black,Winter,2017.0,Travel,Black backpack
7,1008,Women,Apparel,Topwear,Tshirts,Black,Spring,2018.0,Casual,Black tee two
8,1009,Men,Apparel,Topwear,Shirts,Black,Fall,2011.0,Formal,Black shirt two
9,1010,Women,Footwear,Shoes,Heels,Black,Summer,2012.0,Formal,Black heels
10,1011,Men,Apparel,Bottomwear,Trousers,Black,Winter,2013.0,Casual,Black trousers
11,1012,Women,Apparel,Topwear,Tops,Black,Spring,2014.0,Casual,Black top
12,1013,Men,Apparel,Topwear,Shirts,Black,Fall,2015.0,Formal,Black shirt three
13,1014,Women,Apparel,Bottomwear,Jeans,Black,Summer,2016.0,Casual,Black jeans two
14,1015,Men,Footwear,Shoes,Sports Shoes,Black,Winter,2017.0,Sports,Black shoes two
15,1016,Women,Apparel,Topwear,Tshirts,Black,Spring,2018.0,one-off-holdout-category,Black tee three
16,1017,Men,Apparel,Topwear,Shirts,Black,Fall,2011.0,Formal,Black shirt four
17,1018,Women,Apparel,Bottomwear,Skirts,Black,Summer,2012.0,Casual,Black skirt two
18,1019,Men,Accessories,Bags,Backpacks,Black,Winter,2013.0,Travel,Black backpack two
19,1020,Women,Apparel,Topwear,Tops,Black,Spring,2014.0,Casual,Black top two
20,1021,Men,Apparel,Topwear,Shirts,Blue,Fall,2015.0,Casual,Blue shirt
21,1022,Women,Apparel,Bottomwear,Jeans,Blue,Summer,,Casual,Blue jeans
22,1023,Men,Footwear,Shoes,Sports Shoes,Blue,Winter,2017.0,Sports,Blue shoes
23,1024,Women,Apparel,Topwear,Tshirts,Blue,Spring,2018.0,Casual,Blue tee
24,1025,Men,Apparel,Topwear,Shirts,Blue,Fall,2011.0,Formal,Blue formal shirt
25,1026,Women,Apparel,Bottomwear,Skirts,Blue,Summer,2012.0,Casual,Blue skirt
26,1027,Men,Apparel,Topwear,Shirts,Green,Winter,2013.0,Casual,Green shirt
27,1028,Women,Apparel,Topwear,Tshirts,Green,Spring,2014.0,Casual,Green tee
28,1029,Men,Apparel,Bottomwear,Trousers,Green,Fall,2015.0,Casual,Green trousers
29,1030,Women,Apparel,Topwear,Tops,Red,Summer,2016.0,Casual,Red top
30,1031,Men,Footwear,Shoes,Sports Shoes,Red,Winter,2017.0,Sports,Red shoes
31,1032,Women,Apparel,Topwear,Tops,,Spring,2018.0,,
32,1033,Men,Apparel,Topwear,Shirts,Black,Fall,2015.0,Casual,Black hidden usage
33,1034,Women,Apparel,Topwear,Tops,Black,Summer,,Casual,Black top missing year
34,1035,Men,Apparel,Topwear,Shirts,Black,Winter,2017.0,Casual,
